Codigo;DniCliente;NombreCliente;TelefonoCliente;EmailCliente;DireccionCasa;CiudadCasa;CpCasa;Huespedes;DiasAlquiler;CostoDia
BC84A989-AA17-FEFF-DCAD-D7EC3489B9A0;25359148;Hadley Lang;025-136-0851;tincidunt.nunc.ac@yahoo.org;Ap #184-446 Sapien. Rd.;Buenos Aires;9053;2;14;41453
C3B88B56-D834-AB7D-C2D6-12FD9AA9381B;20544916;Lynn Webb;082-398-5417;faucibus@outlook.com;9942 Odio Rd.;Buenos Aires;7556;5;15;36364
26B18DBE-88D7-5123-5DB9-7CB37EBD17D3;21225681;Daniel Campbell;059-415-3612;non.dapibus@protonmail.com;3771 Nam Road;Rio Negro;6832;5;20;54731
11FB8C48-A7C6-F17E-6D96-791C416F9855;31533440;Sebastian Meyer;039-417-2510;amet.consectetuer@protonmail.com;Ap #142-8331 Vestibulum Av.;Rio Negro;6370;3;18;38990
EEC96AB4-CC65-7D65-9F37-EA33B06143F8;18243828;Howard Robertson;027-006-7125;proin.velit@yahoo.ca;179-7658 Blandit Road;Mendoza;9002;4;25;53502
DFA1CCF6-38D3-0F94-8347-D50822DB3A5A;15059781;Ivan Gilliam;056-632-1461;vestibulum@google.com;3522 Parturient Road;Rio Negro;6748;5;8;44891
9B679502-D804-DCD5-DACD-639E2E856E5D;14337765;Lilah Dixon;043-101-2177;facilisis.vitae@outlook.edu;621 Sit Avenue;Rio Negro;4285;6;15;59728
3B681D8E-5C0C-8D54-A35A-6BCBD7224E41;27671321;Ignacia Cooley;079-276-1733;curae.phasellus@outlook.net;Ap #791-2702 Curae Ave;Buenos Aires;7863;4;26;57162
FC1E94A6-EC08-4614-7314-03BCDACF73C5;24931094;Carter Morton;078-381-6874;eget.dictum.placerat@yahoo.couk;9344 Egestas St.;Rio Negro;8450;5;28;59511
899AB274-361D-1A5E-03C7-B7D48E972E73;28034943;Judith Huber;043-397-3371;sociosqu.ad@yahoo.edu;Ap #326-5846 Nibh. Street;Buenos Aires;6548;3;9;46375
E84A2C7A-E485-EF3D-1136-3840424D8CD3;25975624;Zephania Wells;067-627-5449;eget.ipsum@aol.com;238-8696 Felis. Avenue;Buenos Aires;1292;2;27;56429
824DAAC6-1189-3B3C-B334-BA644D165733;13980884;Nicole William;034-821-3749;ornare.facilisis@google.org;3211 Interdum. Av.;Buenos Aires;1673;5;8;62078
4278C63D-37F3-A7F8-4A7D-EA0D712369BD;13446890;Aidan Hebert;028-118-6346;duis@protonmail.com;842-2568 Dapibus Rd.;Córdoba;3744;6;11;55224
EA8B4F5D-4E81-D31E-3B1A-D8BD5A60D6FA;21233497;Seth Lowe;085-139-4589;molestie.sed@outlook.couk;836-1384 Ante Rd.;Rio Negro;7174;3;22;35251
558F16DC-D383-2AA6-6CCB-3D4969333DA5;12838560;Macaulay Page;073-733-8857;tincidunt.vehicula.risus@hotmail.edu;Ap #347-5057 Dignissim St.;Buenos Aires;3155;5;9;46001
DBA1A234-136A-1F2A-4945-93237FDFE5E9;19435215;Igor Travis;026-639-4751;aliquam.erat@protonmail.net;Ap #860-1568 Egestas St.;Buenos Aires;4450;5;27;42092
E65EE7C8-C2E7-B221-5014-36E8E953397E;12546935;Elvis Randall;050-143-3850;purus@icloud.org;5540 Vitae Avenue;Mendoza;8376;5;15;60511
56BEB038-9779-CE69-ABCE-B599143E6AAD;26444787;Uma Mcleod;088-369-8528;rutrum.justo.praesent@aol.edu;Ap #272-1545 Ridiculus Ave;Buenos Aires;7383;5;19;53733
2A48E4BE-92B3-13C7-658A-4D985B94A24B;28933584;Quinn Joyce;036-085-0728;ligula@aol.edu;Ap #843-6617 Tincidunt Rd.;Mendoza;5483;2;12;39622
129538C3-1ACC-FC96-361C-2385346DAD2E;16637820;Ariel Houston;066-662-7126;urna.ut.tincidunt@google.com;Ap #815-7699 Convallis St.;Rio Negro;6765;6;21;52969
87837DEC-97B5-9CB9-4A14-38774A4628BA;31639919;Orson Huffman;053-969-9276;eu.lacus@aol.edu;194-6275 Turpis Ave;Buenos Aires;7577;6;8;45028
49664EA2-7125-373C-CD71-39938F51BC5B;20788334;Christopher Ayers;003-501-6297;ipsum.nunc@protonmail.couk;Ap #614-5880 Sit Rd.;Rio Negro;6580;3;12;51415
E2C8518B-0C5D-2890-3459-24E836975C15;14700395;Harriet Maxwell;057-504-7581;senectus.et@aol.edu;265-8451 Elit Road;Buenos Aires;7822;3;15;35969
2DD4045B-1E7D-2125-1D39-2551A34D8BD1;16588373;Deacon Hopper;090-412-7108;morbi@icloud.org;150-3371 Tellus Av.;Córdoba;2626;5;18;60468
AB6FB456-46F9-849A-3A94-25C67992FCC8;19881305;Rooney Conley;019-585-4647;bibendum@yahoo.net;147-5183 Velit Road;Rio Negro;6335;4;9;36056
FA31A6FC-F061-7934-675C-70F47DF83B29;28530974;Macon Emerson;099-287-4765;odio.etiam.ligula@icloud.com;Ap #361-4743 Auctor Road;Buenos Aires;2335;3;8;63429
D83AD898-1AFB-3CA9-613B-CA669DDC5E57;28733696;Aristotle Blake;046-062-1403;sem.mollis@google.com;948-9619 Proin Rd.;Rio Negro;5719;3;24;58746
89B87A19-E8E2-2E18-9313-965820D1F61E;26771208;Macon Sanford;074-112-2454;fermentum.metus.aenean@protonmail.com;744-381 Lorem Av.;Rio Negro;9325;4;19;58161
27866FC3-6622-DB5B-6E3F-EEA055CE7C11;29382536;Odessa Hill;048-676-8844;rutrum.justo@google.com;913-9827 Tellus. Road;Mendoza;2421;3;17;37806
A8AC1FC9-B5A4-7F4A-EE1C-A1966EB8B60E;13611790;Chester Montoya;063-344-5815;aliquam@icloud.com;7060 Lorem Street;Rio Negro;9266;5;14;47342
04FE861C-9FBD-5EAE-A641-CBA8AE096587;27762049;Pearl Rodriguez;071-568-3256;facilisis@hotmail.couk;Ap #855-6918 Mattis St.;Buenos Aires;3404;4;16;42628
CF97ABFA-18C8-D471-2B4C-3E527EE97821;34267191;Amaya Casey;016-122-5165;etiam.imperdiet.dictum@protonmail.net;Ap #495-9979 Lectus. Ave;Rio Negro;4866;4;22;43857
D1978B5C-8E5F-0EAA-1D12-1453493151A9;13853537;Serina Nolan;083-476-2368;mus.proin.vel@yahoo.ca;5001 Mattis Avenue;Córdoba;5315;4;23;46673
D07277AC-2073-55E8-534C-E6C99C9D6332;14450754;Aline Anthony;065-340-3615;vivamus.euismod@protonmail.edu;Ap #476-8387 Aliquam Street;Córdoba;4831;3;13;39672
5971C13A-8885-C7D3-E120-8B6EA6C78C5A;26613071;Randall Marks;011-113-1464;pellentesque.sed@outlook.com;631-1946 Orci Street;Rio Negro;4546;3;27;53154
2494DA82-77FC-A272-CBC3-71E49390C994;18601996;Astra Harmon;008-591-4875;tellus.non@protonmail.com;Ap #896-1256 Diam Street;Buenos Aires;2736;3;27;41781
7D79A77E-A85A-7EDD-B6A6-B988785D7D15;27713052;Melvin Higgins;037-142-4685;vulputate.mauris.sagittis@hotmail.net;8258 Interdum Street;Córdoba;4487;2;12;43375
25AFD471-6DA7-66CF-9C62-E53E60C3890A;23581836;Olympia Gilbert;035-653-6182;mauris@protonmail.ca;774 At Rd.;Córdoba;2581;4;20;46623
6CB42731-1CCB-9146-E324-C359FC1DBA22;14471587;Portia George;045-518-5184;mauris.a@outlook.edu;211-7244 Aliquam Road;Rio Negro;4930;3;26;39532
B18A8098-5E15-E964-F3B1-B74E55AE892F;15116641;Dustin Vang;023-645-6947;pretium.et@hotmail.com;Ap #462-7809 Egestas Road;Mendoza;7531;3;10;54492
63581333-4F7E-6B9B-69BF-C79D8FFB954E;21512074;Andrew England;025-835-9191;consequat@yahoo.couk;222-1076 Feugiat. Road;Rio Negro;6132;4;7;45543
8A753E3F-6291-55D3-3A57-64C6C6154B0D;12128288;Tarik Baldwin;073-931-6941;at.libero@protonmail.org;619-9325 Congue Ave;Rio Negro;5263;4;25;58831
A4C5ECF7-CE68-A4E7-138C-658EC6CCB974;12997321;Micah Wolfe;074-778-0407;sodales.nisi.magna@icloud.couk;Ap #482-6090 Semper Avenue;Mendoza;8396;6;8;58824
6A1B8AC2-9B63-7851-658B-D92E67E7C6E8;15824463;Tucker Burgess;032-246-5795;enim.mi.tempor@outlook.couk;3345 Varius. Ave;Mendoza;4578;5;17;38724
B25BA1AA-8AE1-C362-4E5A-75ED3BB75333;18874830;Rina Curtis;074-412-0518;et.tristique@icloud.ca;832-6152 Iaculis Rd.;Buenos Aires;8565;6;11;50399
2AAD3029-278C-E484-D353-AF624ECAEEDB;19123180;Chandler Landry;065-382-4183;sociosqu@icloud.com;Ap #876-7531 Mi. Road;Buenos Aires;6117;6;15;41265
50267E5D-E847-52D6-8732-654AAB7C5BE1;28428771;Gannon Dyer;079-166-3135;suspendisse.ac@protonmail.ca;Ap #176-7736 Dictum Road;Rio Negro;2188;5;22;35450
48D19098-53C9-7D37-8817-9594413FFE3E;18359121;Austin Holder;090-661-7567;duis.sit.amet@google.com;3294 Eu Street;Córdoba;7489;3;28;49399
13710C5B-1EB9-58CD-5492-D84BCD91915E;17718282;Jasmine Reese;084-876-2179;ipsum.leo@yahoo.ca;6271 Ut Ave;Mendoza;5738;5;10;56129
CC12BDEB-4D28-3B54-5764-A4D75F7CDEC4;30826643;Aquila Castro;079-495-3586;fusce.dolor.quam@aol.edu;1280 Cras Ave;Rio Negro;8573;3;26;41593
6B93E488-5B1D-C1B5-B42B-68892ED48E3A;12321823;Regina Haley;042-573-7073;amet.ante@outlook.edu;499-8467 Egestas. Rd.;Córdoba;7162;6;22;59325
61864FA4-292D-5EE5-66D2-ACEABEEC9156;34570229;Brenden Strong;017-201-4401;suspendisse.eleifend@google.ca;Ap #902-6585 Fermentum Street;Buenos Aires;9071;3;25;48966
A480136C-8751-C188-B8E6-8AA629465617;32547612;Xena Barnett;036-252-1081;cum.sociis@outlook.net;Ap #645-798 Ridiculus Avenue;Córdoba;6835;2;11;60414
B8734327-1F03-7C0F-F0D5-6848C1DBBD29;14316358;Bree Avery;049-766-8641;maecenas.libero@aol.com;8196 Eu St.;Buenos Aires;4311;5;15;63817
33889C94-5121-30BE-E549-DAD54277A11B;20199349;Kessie Crane;044-267-6240;quis.diam@icloud.net;322-2358 Iaculis Rd.;Mendoza;9714;6;25;43531
8C721A78-AB64-53AE-B956-C6520791348D;23767679;Colin Hood;065-427-5201;placerat.orci@protonmail.ca;868-9528 Risus. Road;Buenos Aires;8243;4;14;43104
F2EB9DBC-BE6A-831B-835B-7A9717679F42;17050086;Coby Smith;023-755-4637;a.odio@outlook.couk;Ap #720-7961 Tempus Street;Buenos Aires;7210;2;24;63898
612FD6B8-6151-823A-4D4B-1AABBEAE0CB5;28866631;Eleanor Berg;034-946-6190;phasellus@hotmail.couk;268-2889 Amet St.;Rio Negro;2943;5;25;55424
B9182216-69E4-98E7-C3AF-C0AE70248E73;20228366;Tucker Castro;005-258-5734;phasellus@outlook.net;524-799 Morbi Street;Buenos Aires;8963;5;22;49941
16C383FC-C094-EAD3-88E9-4C321B4D2E17;29286456;Madonna Vargas;022-326-4383;faucibus.orci@yahoo.ca;638-4114 Eu St.;Buenos Aires;3522;4;25;58017
56C38489-4A8D-176A-C3D3-B51919996AD9;24268651;Julie Wall;070-744-4488;pellentesque@protonmail.edu;528-9204 Ridiculus Street;Mendoza;2876;3;15;60211
6E515E21-3229-8A9D-55D2-31558BFD63E5;2.81E+07;Sebastian Rio Negros;050-139-5275;sem@google.couk;218-2963 Non St.;Rio Negro;1163;4;23;62886
D31AD16A-9C6B-68D2-43DA-D487F9B128B4;22216755;Cody Glenn;006-463-2746;lacus.cras@hotmail.net;4950 Nisl Rd.;Buenos Aires;5669;3;19;53244
96BCF343-56C3-1D23-64AC-BBEEF48A3CA1;26307240;Dale Kramer;014-546-7225;metus@hotmail.edu;441-8882 Vitae St.;Córdoba;6324;4;10;58029
A55E3893-C196-324E-D8C1-ED58AC28892D;14784451;Chester Holden;032-196-4337;eleifend.vitae.erat@protonmail.edu;342-7228 Sollicitudin Rd.;Rio Negro;6853;2;24;57978
93EC2778-1678-F86B-E9DC-0D5697BC7094;27775024;Hannah Dunn;047-318-1876;nunc.sed.orci@outlook.edu;Ap #237-2047 Parturient Street;Buenos Aires;8908;2;17;45466
DCC48F91-302C-296C-763B-4794C6CD6E70;17939034;Philip Medina;045-670-7788;dui@google.edu;Ap #279-2169 Mattis. Avenue;Buenos Aires;4418;3;9;53376
3604E2F8-B6A6-A3B5-5A6A-B15617506A3F;21263090;Kenyon Gilmore;048-035-1031;elit@icloud.net;6268 Aliquam Ave;Rio Negro;3481;6;12;37405
3B3CB4A4-2414-54FE-5D91-47A6667198C0;19340974;Armand Maddox;067-502-7311;phasellus.dapibus.quam@protonmail.net;Ap #613-2357 Donec Street;Mendoza;4532;4;19;52848
8851836B-E6B2-FE2A-C259-CD1EECE95C42;33449385;Keith Mayo;023-775-4173;aliquam.eu@outlook.com;841-5034 Arcu. St.;Buenos Aires;2656;6;13;48661
6A3EA994-1A17-E17E-14FA-C42260903BB4;33731460;Gwendolyn Mayo;037-444-5474;donec.tincidunt@hotmail.couk;Ap #797-5609 Interdum. Rd.;Rio Negro;5761;5;17;45332
CB878157-5A5B-AB91-E445-C98EEDE5CF8B;17762676;Chester Vargas;037-351-9654;magnis.dis.parturient@hotmail.com;705-7452 Blandit Rd.;Mendoza;5362;3;28;62714
A3E924B9-7935-78A7-C971-BAD14F119BFA;25121340;Katelyn Greene;004-786-3131;ullamcorper@icloud.ca;1224 Pharetra. St.;Rio Negro;3883;6;11;35058
BC935206-B6B8-B468-0365-C1172D5E538A;28731127;Selma Crane;014-064-2848;lacinia.sed@hotmail.couk;162-7495 Cras Avenue;Rio Negro;6388;5;8;57070
69348678-BBC8-88F9-C509-64BB93293991;27200578;Kirk Pruitt;019-134-9241;enim.nunc.ut@aol.org;769-878 Fringilla Rd.;Rio Negro;6191;2;21;48533
B69B815B-24F0-C292-7263-3484DAC23186;19281639;Henry Dalton;023-866-0183;metus.facilisis@yahoo.net;Ap #388-188 Augue Rd.;Buenos Aires;4272;3;9;50446
E8A3621A-C859-1BA6-FADC-62F1C5DA9B3C;26223837;Kay Kramer;046-848-2483;lectus.justo.eu@google.org;520-6408 Cras Av.;Córdoba;4568;5;11;45391
BA953BBA-5AA0-3681-D884-E175CC233865;29151129;Rina Doyle;065-237-3521;dui@icloud.org;Ap #505-4141 A Street;Buenos Aires;5249;2;9;49343
C18B241C-223C-BD97-464D-C6E58528437D;13833098;Salvador Love;095-656-5365;tristique@hotmail.com;Ap #843-9195 Sed Avenue;Buenos Aires;4625;5;24;39478
CC6BB7FB-094E-5711-CE16-3E0D4DC2EAC0;26297544;Blossom Clemons;056-816-6255;dictum.eu@outlook.org;383-8121 Amet Ave;Rio Negro;2148;4;12;40538
99683E65-628E-AFA2-81FB-E96414D6DC58;22671142;Kai Beard;086-258-8622;eu.erat.semper@yahoo.net;130-1882 Rhoncus. Road;Mendoza;8372;3;21;63709
164DAA46-28AE-7499-AE6C-CAB8F07D6F31;16248267;Fatima William;024-961-9627;ornare@aol.net;Ap #895-6073 Aliquam Rd.;Rio Negro;8242;5;15;45281
8CAD12DA-C657-D8A9-FBAB-B0AA11328EB2;30580572;Irene Sanders;080-031-7891;metus.in@icloud.net;260-2595 Nisl Rd.;Rio Negro;4436;6;19;57587
F36AB1A5-1071-0536-B7C5-D86B748CB509;12012491;Cain Joyner;098-767-0151;ipsum.ac@protonmail.couk;Ap #583-8547 Mattis. St.;Buenos Aires;4843;4;8;60364
5B0AC987-E57D-E95E-3AED-82615CC4BA64;21772001;Micah Workman;018-713-7739;sem.magna.nec@protonmail.org;454-2623 Non Rd.;Rio Negro;5774;2;27;62934
21E641DC-C4AC-E4EE-3B40-CD435D422EE5;1.67E+07;Clio Tate;038-915-8300;tempor.lorem.eget@hotmail.org;884-7699 Porttitor Rd.;Rio Negro;6357;4;15;47114
CF288DAA-A12A-97EC-546B-64A1646977CE;21789839;Eaton Moran;079-141-0736;cras.eget@aol.com;760-8409 Eget St.;Córdoba;9650;3;11;51438
8C49420C-BD0F-2B6E-C9C6-9782388992F7;14788129;Yuri Oneil;071-423-0454;semper.erat@google.couk;3981 Curae Av.;Córdoba;2374;4;7;57557
9876AF2B-D264-12ED-5BB1-9EC96C89ED3D;16863204;Brielle Watkins;068-732-3346;aliquam.arcu@google.ca;835-648 Fringilla Ave;Rio Negro;2416;3;20;60242
7B33A3E4-E168-335A-3FC2-4279DB2EB5A4;21172887;Regina Johnston;053-591-7034;in@google.couk;Ap #344-401 Vel Ave;Mendoza;8457;6;7;42508
2C687582-9826-65AE-1787-435D9C793739;12604678;Tobias Shields;082-634-4394;cras.pellentesque@outlook.net;Ap #755-6000 Dolor St.;Córdoba;2822;4;22;58617
BCC4DC47-2299-9AA4-171D-6500B87ED03A;15638922;Ryder Fischer;065-276-6423;ullamcorper@google.com;Ap #483-2448 Velit. Ave;Rio Negro;6151;5;17;60882
8CEBA763-EA11-D874-399E-B3A561DA5D3A;21614285;Stuart Welch;070-519-6482;diam.lorem@outlook.couk;Ap #323-1338 Nullam Rd.;Rio Negro;8186;3;19;58927
B91E8CE2-B398-D8A9-90D4-17AAA3CE6123;29412956;Kirk Salazar;023-560-5032;auctor.nunc@hotmail.edu;Ap #833-1823 Ut Road;Córdoba;2217;3;28;48594
E197EEC2-C5C7-AAA5-D1CD-9176E6282DB8;26642763;Dane Mcdowell;096-715-5253;neque.et@google.com;Ap #534-2522 Lacus. Road;Buenos Aires;5487;6;13;42112
BDE66946-36B6-CD94-F80A-93C9E9EF370F;17151337;Hashim Rollins;021-365-2282;nunc@icloud.ca;108-4521 Scelerisque Rd.;Rio Negro;6381;5;12;53017
E734D5C9-8693-A763-9553-8FF4E1892217;13742600;Paloma Bolton;067-565-9363;nonummy.fusce@google.ca;8927 Nullam Rd.;Rio Negro;6762;2;25;54905
6A0ACA75-9D65-C52E-D6EE-C0B817D4D947;20570887;Winter Fields;093-432-9618;sed@outlook.com;2118 Donec St.;Rio Negro;8129;5;9;50230
24F5C89E-C85A-88C3-4F3D-B59298177E4D;26071709;Hashim Cooley;085-614-6530;est.nunc@aol.couk;743-2400 Tellus St.;Rio Negro;7945;3;13;39366
7E44B942-BD0C-BEA9-238D-8E10B61098EC;19442326;Laith Martinez;059-368-4643;elementum.lorem.ut@aol.couk;184-5644 Mattis. Road;Buenos Aires;5803;2;15;46123
29B71E77-057F-1CD8-27E3-ED5F4D761ACA;27289607;Asher Decker;071-747-8911;turpis.nulla@outlook.edu;434-5059 Ornare Av.;Córdoba;5914;2;13;46820
4B0E4972-1963-A62E-D338-3C985E96DFD3;32607366;Zachery Mooney;036-275-3252;dui.in@outlook.com;Ap #426-700 Donec Rd.;Rio Negro;1777;3;22;40520
B24A37DE-73FD-103A-1B94-BD95D10DC1BD;18942849;Dominic Durham;077-621-6715;lectus.cum@hotmail.edu;9514 Et Avenue;Buenos Aires;4130;2;24;51955
45E1E6D8-AE86-4413-BA1D-4C8A768D09A5;31338809;Fredericka Dixon;076-695-8149;sociosqu.ad@hotmail.couk;845-5894 Molestie Rd.;Buenos Aires;8927;4;7;50882
EEAA6A1C-6BDB-D514-8BE7-7BCE7100EDE6;25465203;Kevyn Torres;002-558-2284;ornare@google.com;Ap #660-3067 Non Ave;Mendoza;2804;2;10;61335
205926D1-0428-9B1B-434B-E99222E7540E;27936120;TaShya Rosales;092-274-1592;pellentesque.ut.ipsum@icloud.edu;Ap #761-9348 Morbi Ave;Buenos Aires;8470;4;19;47310
794ACCB9-E7AF-7389-C1FF-B9AFB3E0B6B2;30102402;Mia May;025-577-4105;nunc.nulla.vulputate@google.couk;209-8499 Tristique Av.;Rio Negro;2458;3;12;37882
F2EB2838-94A4-8C3A-3621-3295361DC88C;32133770;Ivory Wilcox;077-804-9317;eu@aol.com;995-2577 Mauris Ave;Córdoba;1297;4;18;56456
7BB5D8E5-3B6B-142C-4478-6EE961E326A9;17923388;Coby Church;045-337-9606;odio.aliquam@protonmail.ca;174-5406 Phasellus Av.;Mendoza;1274;3;20;47373
C92F567E-969C-AFA8-2404-F377083BA7E9;21974844;Emmanuel Flowers;095-675-6765;quisque.nonummy@icloud.ca;855-2917 Aliquam Street;Rio Negro;2396;5;17;39170
90F5167F-6028-8A3E-CBD3-BB41C6D374A3;33705430;Keegan Floyd;053-354-7532;molestie.dapibus@google.com;5524 Nunc Road;Rio Negro;5113;6;19;60361
B5F3476E-69E7-672F-5F66-2BD87D0D919B;22756403;Justina Bates;011-596-6682;sed.eu.eros@yahoo.org;381-9215 Cursus Avenue;Rio Negro;6734;5;16;56136
33B68B35-C5C1-5EE4-D77C-BD6FEC1CBEF4;19116053;Paki Gates;011-545-1454;eu.accumsan@yahoo.org;Ap #774-364 Lacus. Ave;Buenos Aires;1688;3;21;53677
92C79157-A18E-D31E-D158-C1F767394E0C;25587644;Mariko Gilliam;071-517-1127;sociis.natoque@aol.com;Ap #819-7044 Ut Avenue;Rio Negro;6144;3;26;56073
CD476207-018B-4614-9B29-EDAB369E2ABA;14739899;Maisie Farrell;006-272-0928;ornare@outlook.ca;698-5745 Mattis. Rd.;Rio Negro;3259;4;10;44664
4A129BE2-DD78-C0D1-7359-26BD4D20D519;32644630;Geoffrey Gilliam;091-463-8541;egestas@icloud.com;398-1489 Nibh Av.;Rio Negro;3522;3;27;52082
51EB6BCD-506B-84D4-1B75-3A1EFDB32C89;14269947;Samuel Parker;057-436-6639;proin.ultrices@protonmail.org;Ap #401-2227 Id Rd.;Mendoza;6138;6;21;56154
53E1CB5E-7826-6DBC-5909-E695FC7BB046;17945674;Uriel Levy;077-810-2377;quis.tristique.ac@hotmail.com;860-4889 Fermentum Street;Rio Negro;4514;5;9;57592
9E672CE1-C8EB-CADF-495E-0AA1BC6EC857;1.40E+07;Vivien Russo;048-236-3403;imperdiet.dictum@aol.org;1428 Laoreet Av.;Rio Negro;8161;4;20;39752
62E68D93-D4BF-853D-B047-15BAE7414F6B;19700178;Bruce Morin;077-856-8881;sem.vitae@hotmail.couk;340-7591 Augue Street;Buenos Aires;4611;2;22;46388
0A1516DE-5F4A-CC51-0E63-0E1E282697DE;31133545;Dennis Greene;039-611-7690;ut.sagittis@aol.net;Ap #931-7240 Mauris St.;Rio Negro;9805;2;15;59902
C1812834-6F88-32E7-4692-F67B874BA8BA;34988118;Jillian Noble;073-872-4223;vulputate.eu@hotmail.net;742-6138 Iaculis Rd.;Buenos Aires;5215;3;12;53566
E02AE9FB-8F34-FCA3-CE6E-69EE34334DA7;15862262;Paula Benjamin;086-661-7367;lorem.vehicula.et@outlook.edu;6172 Dis St.;Buenos Aires;9660;5;16;58955
02112C60-E446-A939-A8EE-56F2E4EA9F29;32139304;Martha Oneil;011-982-3587;curabitur.ut.odio@outlook.edu;Ap #494-6811 Donec Av.;Rio Negro;4326;6;26;48972
E877723E-8DFE-DA07-8CDD-7A77D692FB31;31447026;Zena Butler;048-171-7070;pede.ultrices@icloud.net;5753 Nullam Rd.;Rio Negro;8567;4;20;51715
95738E1A-83AF-066D-55A2-87968C4EA072;31127591;Rosalyn Burns;055-434-6534;nam.tempor.diam@google.org;Ap #993-5914 Arcu. Av.;Rio Negro;3784;6;25;61609
51D3D1C6-83AA-3790-1C15-BC8239C377C0;33060224;Caldwell Christian;053-744-6163;egestas.aliquam@aol.com;685-1658 Hendrerit St.;Córdoba;8290;5;23;48556
D574422D-1316-4D8B-9738-537E745443E2;12135143;Garrison Mcfarland;084-072-4362;et.netus@icloud.org;764-7301 Proin Street;Córdoba;8154;5;16;45946
B3C8C5CE-7DC4-746E-4ACE-10E67466EB25;26337019;Kitra Castro;061-994-7715;porttitor@icloud.org;Ap #806-4281 Fusce Ave;Rio Negro;7324;5;22;50951
26C55195-D3A6-8B16-52A2-1959E1263D61;31540520;Hop Walter;016-802-1895;mauris.sapien@outlook.couk;Ap #921-936 Vel St.;Mendoza;2846;4;26;37980
39C13F13-956A-64B3-1352-6C7D8445F625;23919268;Selma Salas;061-175-3761;mauris.blandit.mattis@icloud.ca;Ap #172-4974 Ornare Street;Buenos Aires;5825;5;21;40750
556275FF-2FC9-7275-1BAC-82718897247E;33211185;Otto Barber;041-916-3814;mollis.integer@outlook.net;Ap #807-5284 Dis Street;Córdoba;9922;6;22;51623
2E47D3AA-5E27-5BE8-334D-4EEE0D6933C3;21834738;Eugenia Velez;083-762-3212;sit.amet@aol.net;Ap #166-2562 Purus. Road;Buenos Aires;4514;4;14;59685
CE7D6264-4B26-80F1-2EEA-A967EA4DBBEA;15043078;Florence Everett;014-861-5588;molestie.in@google.couk;Ap #687-1655 Commodo Rd.;Rio Negro;5145;5;8;58540
B7CA6B49-85DA-95A6-E12B-B3C83E4A15A5;17917720;Kyle Jacobs;020-946-0508;ut.tincidunt.vehicula@google.ca;Ap #246-3204 Mauris St.;Rio Negro;8073;2;19;42584
399E5B1D-6E44-CB5F-5E3F-72AA293592E6;12733916;Sarah Shelton;048-680-4239;urna.convallis.erat@outlook.ca;Ap #235-6904 Nulla. St.;Mendoza;3555;4;22;47493
7654036A-EFC6-6944-C96C-44940D2B268E;16628923;Skyler Rush;067-481-2423;euismod.ac@google.ca;461-3708 Lacinia Road;Mendoza;3783;5;13;62186
9C4805CC-11F1-6149-6DF3-F34976461F98;28175358;Grace Reyes;017-111-3426;at.libero@google.ca;Ap #901-2138 Nunc St.;Rio Negro;4732;5;8;58237
851B50C9-3A8D-EAD6-A285-9DD5826317A5;34275257;Jana Rio Negros;081-757-6439;magna.a@hotmail.org;4661 Arcu Road;Rio Negro;8933;2;16;54158
35741D76-B2B1-7114-9950-22DF3FB224B0;32710089;Paloma Castillo;075-422-2934;fusce.aliquam.enim@outlook.edu;Ap #353-9652 Dictum Avenue;Buenos Aires;9735;5;17;41063
69C08E51-CB0A-CA37-9E1C-453D43A405E6;18623876;Ramona Camacho;066-861-2818;sem.consequat@yahoo.net;5294 Hendrerit Rd.;Mendoza;7117;3;25;60642
C093BB26-7C9E-DE46-CCE2-5891A497F1FB;34654700;Yardley Emerson;087-003-5044;ut.pharetra@hotmail.couk;Ap #218-1479 Tristique St.;Buenos Aires;2066;6;14;36591
72390185-B4FB-649E-AD12-8BEBF8C34AEE;19228079;Armand Cooley;016-270-2121;est.vitae.sodales@hotmail.ca;Ap #710-7160 Vestibulum St.;Rio Negro;8146;2;12;50580
29BDBD3F-70C3-BDBA-9BE9-968083A9923C;13395136;Miriam Macdonald;041-481-6053;rutrum.eu.ultrices@protonmail.org;474-2237 Nisi. Rd.;Mendoza;5615;6;9;64941
1B2B46B7-3AB8-DAC7-5128-D49AC36E164A;29831450;Marah Farmer;003-846-3347;nec.metus@yahoo.com;Ap #467-4245 Urna Rd.;Rio Negro;5678;3;8;49156
DD9495D4-75CE-73F1-8183-2156A85358ED;21766029;Keaton Odom;034-770-1166;eros.proin@yahoo.org;Ap #948-4942 Egestas St.;Rio Negro;7433;3;18;45511
05679D15-3494-EE98-C3C8-0D20EA72B7A2;30692848;Leonard Lindsay;079-821-0373;velit.in.aliquet@aol.com;531-3867 Arcu. Avenue;Rio Negro;7321;5;26;58922
5A178B90-019B-C9A1-5C3A-8A2E7223A9FB;22213949;Gary Henderson;086-113-5134;nunc.pulvinar@protonmail.net;1921 Nec Ave;Rio Negro;4345;4;7;38649
3CB29BBF-07A4-4F14-B98E-994E2780666C;26695584;Driscoll Harrell;074-746-8287;metus.aenean@yahoo.edu;3513 Sed St.;Buenos Aires;5927;4;10;41490
37755D3D-4B73-D6E3-D1C4-A1BE1F3775F8;30640678;Travis Harmon;004-313-1410;tempus.eu@yahoo.net;8757 Consectetuer St.;Rio Negro;3632;2;23;55029
42484B60-272A-79D2-79AE-D5FA5D68F193;28014747;Jerome Fields;024-127-1072;lacus@yahoo.org;477 Orci Street;Rio Negro;1887;3;16;48787
2C44FC27-5959-3EAE-1E66-E98525D4634B;33704278;Wade May;045-481-7951;lacus@aol.net;227-9489 Egestas. Rd.;Rio Negro;6348;3;20;46267
110DE356-2EF4-11BE-8B18-586374A367C2;24401670;Sopoline Booker;000-251-4359;suspendisse.sagittis.nullam@yahoo.couk;137-1377 Suspendisse Av.;Rio Negro;2361;2;20;41327
5A97B2F5-3472-8612-EC28-464D1AE8A1ED;23201982;Kirk Howard;061-549-0873;lacus.etiam@hotmail.edu;Ap #908-7974 Magna St.;Rio Negro;9028;3;11;54234
62C5AD59-41D2-4141-217A-27A1998370DC;28151840;Rama Roth;073-275-3343;ridiculus.mus.proin@aol.couk;541-532 Ultricies St.;Rio Negro;1545;4;20;48185
419EF4BD-5431-2257-B171-633B167490D2;12515305;Claire Johnson;058-879-9387;et@outlook.org;Ap #846-4591 Risus. Rd.;Mendoza;3671;6;8;41520
C3AB1943-5A8A-B1CE-BEB5-AD132D681633;28699697;Jin Becker;047-624-5983;tincidunt.adipiscing@icloud.org;986-6295 Ultrices Road;Rio Negro;2632;3;9;42053
EB579CD6-CDCB-B5C1-9E46-306A7C3DD468;13911679;Keegan Chan;073-124-0641;mi.enim@hotmail.com;Ap #535-1208 Neque Rd.;Córdoba;9938;4;27;49461
C24EC2E8-D249-8E34-EB42-52FA748DD306;19653452;Daryl Wilder;015-606-7146;ut.aliquam@google.edu;713-2195 Sapien Street;Rio Negro;7717;4;13;38959
93FD6414-8E98-FD54-1D37-2AED99A9478C;15604603;Ray Mcfadden;078-226-3251;eu@yahoo.org;9347 Fusce St.;Rio Negro;5116;5;23;64276
801B3EC7-85BA-9EEE-4BA8-94ED22FA773D;17082901;Gray Padilla;038-554-5944;vehicula.aliquet.libero@aol.org;Ap #467-7291 Tellus St.;Buenos Aires;2598;2;22;60848
7B985B9A-520D-EED2-BE49-7E79DDD4423E;12877737;Cathleen Warner;067-161-9605;sit@protonmail.org;Ap #764-4299 Fusce Avenue;Rio Negro;6759;3;25;59797
D755F705-67B0-A61D-96A6-2A5C986BEFAD;32163007;Adrienne Lester;085-576-3469;aliquam.eu@google.ca;Ap #548-5291 Nullam St.;Rio Negro;2131;6;9;47058
E2F79373-AED5-87E0-8514-7CADB16F9218;27127127;Ginger Patton;007-528-9873;donec.fringilla.donec@hotmail.ca;Ap #596-4115 Vel Avenue;Mendoza;7312;3;11;53309
AD13F95F-7081-831B-8484-33FA8E266062;12812641;Yeo Ware;028-141-1131;adipiscing@hotmail.org;345-9477 Sem. Rd.;Mendoza;5121;3;14;53135
B637378A-3B78-E019-1354-E5C81F392D7D;23278469;Amity Gamble;015-333-2328;et.malesuada.fames@google.com;598-3721 Lorem St.;Córdoba;5865;4;27;43424
ED780BCB-3B6B-331B-818A-F9BCB7C88D44;23477205;Lila Prince;055-240-8390;eu.eleifend@icloud.couk;Ap #121-6027 Accumsan St.;Buenos Aires;4764;3;17;41187
1E46B3AC-DBA4-05DF-7B9E-0C19919C8684;31984443;Josiah Thornton;088-862-9466;euismod.ac.fermentum@protonmail.couk;4605 Sed Street;Buenos Aires;6326;5;26;54593
5861AF54-7BD4-6C06-4544-1EA11EF7F6C1;34510198;Dorian Beasley;048-431-6132;quis.arcu@icloud.com;965-4505 Diam St.;Córdoba;2726;4;27;57262
AE7E299B-D391-85D4-5158-8840BB2E51BC;12277211;Ivor Carson;066-828-3293;habitant.morbi@protonmail.net;6507 Venenatis Ave;Mendoza;2822;5;19;53276
8ED4AD48-DFA9-3A20-6225-14821C0C664D;13205389;Vivian Burton;067-325-3371;ipsum.curabitur@google.com;871-4882 Aliquet. Av.;Mendoza;1178;6;25;40494
CA9CFB59-7C80-174C-14F7-37913DD0E784;24324564;Jacob Glass;017-442-7097;nec.mollis@protonmail.couk;Ap #998-1047 Congue Rd.;Rio Negro;4776;4;16;64941
9B0BC142-116D-E942-1D4C-23338CD1C49D;31025986;Violet Cortez;023-158-7589;class.aptent@icloud.org;8403 Sit Ave;Mendoza;2652;4;27;38961
EAE17C1A-CD44-85FA-3478-B2265A439531;22778176;Avram Duncan;043-658-2683;metus.urna@protonmail.org;500-2609 Mollis. Rd.;Buenos Aires;8785;3;20;54373
DC33E77C-CEA5-523B-A45F-B3D2269766B1;29795277;Lucy Hansen;085-578-7627;elit.elit@yahoo.org;Ap #116-6958 Risus. Avenue;Buenos Aires;8267;4;27;46928
691AE5C1-7CFD-13CD-579A-8AC546ABE77B;12480293;Dominic Ratliff;017-626-7852;dolor.tempus@icloud.org;809-588 Ac Ave;Córdoba;3637;5;14;57139
BAB1EA15-293D-A132-1228-7461CABECAC1;21932355;Jolie Todd;089-562-1571;augue.id@outlook.net;8168 In St.;Córdoba;6942;4;14;61748
2E519265-981C-6DA3-3A85-6994CDD6BBBA;2.02E+07;Glenna Keith;002-736-4850;vel.arcu@outlook.org;7366 Faucibus Ave;Rio Negro;8655;4;28;49521
19162513-D099-0704-C50C-28B65B2E6F3B;21377745;Jarrod Kaufman;057-589-7487;quis.lectus@hotmail.com;8470 Et St.;Buenos Aires;4753;5;21;49046
3D56AF29-75C7-8721-3610-46CCF9EC4969;21358215;Michael Spence;006-174-8028;aliquet.odio.etiam@protonmail.org;401-6306 In Road;Rio Negro;5468;4;20;59515
E3B214A6-91C4-3705-1CBE-05BFA8452C48;12241710;Zoe Bean;053-133-7122;non.enim@icloud.net;972-5755 Etiam St.;Rio Negro;8246;4;28;54837
BE8ED9BD-E793-3B2E-DCA2-C27E323D2379;14288711;Latifah Dyer;041-187-9855;dolor.sit@hotmail.net;1767 Odio. Ave;Rio Negro;1825;5;8;35921
E267E798-8363-987C-B51A-DEB71A9E886D;33999103;Joy Cherry;052-323-5519;faucibus.leo@aol.edu;3958 Purus. Street;Rio Negro;8492;6;22;54405
6B73D493-5B4C-959D-D756-0AAC8B3AAA29;13537922;Orson Medina;066-802-1720;ac.fermentum.vel@yahoo.com;Ap #785-5136 Gravida St.;Rio Negro;8104;6;17;49397
838798F7-23AC-B376-83D9-7098E90CA91F;19714292;Hammett Durham;088-505-5295;ligula@aol.ca;889-2593 Pharetra. Street;Rio Negro;2587;5;25;55242
9366E485-396A-BF48-A379-EA1A8A42B759;3.12E+07;Raja Castillo;012-137-9590;massa.non.ante@hotmail.couk;2379 Dui Rd.;Córdoba;4617;5;18;44108
88DA457C-D36F-BE46-246F-A0C5DECAA75A;30238482;Erin Jensen;021-772-5547;sem.magna.nec@aol.org;Ap #552-183 Leo. St.;Buenos Aires;7211;3;11;47609
FB49DFC4-744A-A21B-9210-2DDC3496D892;21854762;Amena Powers;091-623-4462;sed.dolor@hotmail.net;Ap #104-3373 Aliquam Rd.;Rio Negro;8205;4;23;52101
D5B48095-59F4-5B89-F8EB-CB8393C12366;29771440;Maggy Allison;089-359-2442;orci.ut.semper@hotmail.edu;Ap #860-8175 Mi Ave;Rio Negro;8192;5;14;51402
ACB4A133-73BB-2C34-DEBF-EFA36F4DEAB8;20705965;Natalie Oneil;045-452-1216;natoque.penatibus@outlook.com;7649 Dignissim. Ave;Buenos Aires;6149;6;18;41846
382E8DE9-7976-95FA-8594-9CD8DEB5A414;34156024;Kyra Black;061-887-2270;ante.blandit@yahoo.org;Ap #786-6290 Ultricies Avenue;Buenos Aires;1182;4;17;35287
AAC1ADA5-32D1-2C9B-4C24-6B5C1C647DA7;14538392;Ciaran Hale;017-769-7349;lorem@protonmail.edu;Ap #468-6824 Malesuada. Street;Buenos Aires;9424;5;9;58872
4BC1564A-9D19-5AB6-293B-6EE379F7CE67;28386535;Constance Mooney;063-123-4826;nunc.sed@protonmail.com;Ap #756-6271 Ut St.;Mendoza;7639;2;9;63823
D4183AB3-9D4E-665A-3AF1-E849F918A49B;22946756;Jakeem Jackson;044-512-8104;lacus@hotmail.couk;6037 Ornare. Ave;Córdoba;5285;3;27;56185
C699F31E-B4AC-1EF2-2488-DD249A735BCB;34429184;Wanda Hobbs;027-341-3523;diam.lorem@hotmail.edu;430 Ut Rd.;Rio Negro;9154;2;8;38036
4BD746BA-2424-2D63-996A-1168F11437A5;12318537;Madeson Boyer;014-752-3866;est.mauris.eu@aol.couk;Ap #870-7734 Sem Road;Buenos Aires;8336;4;22;38913
1CD199C4-9369-11E1-8FEE-1E09382122D0;14151331;Peter Sharpe;063-355-3677;rhoncus.id@yahoo.net;403-2039 Vivamus Ave;Buenos Aires;7786;3;12;57418
32320789-DC76-0575-ECB4-E7E9698C2CFD;28893640;Martena Day;036-341-8546;metus.aenean@outlook.couk;567-4322 Ut Rd.;Buenos Aires;9493;4;9;42653
E7338739-837D-48E6-A38F-378ACDF7D996;33642025;Quamar Bishop;072-354-5436;dui.nec@outlook.com;446-2062 Lacinia. St.;Rio Negro;8454;6;10;52030
8E23BCA9-46B8-8350-9C61-C57ADED8C56C;15235588;Dahlia White;082-341-9239;sed@outlook.net;147-5204 Ultricies Ave;Rio Negro;8344;4;20;42001
